{
	"format_version": "1.9.0",
	"credit": "Made with Blockbench, by pugiko",
	"texture_size": [128, 128],
	"textures": {
		"0": "tf2:item/ph_creepermask",
		"particle": "tf2:item/ph_creepermask"
	},
	"elements": [
		{
			"name": "face",
			"from": [0, 0, 0],
			"to": [16, 15, 1],
			"faces": {
				"north": {"uv": [0.125, 5.875, 2.125, 7.75], "texture": "#0"},
				"east": {"uv": [0, 5.875, 0.125, 7.75], "texture": "#0"},
				"south": {"uv": [2.25, 5.875, 4.25, 7.75], "texture": "#0"},
				"west": {"uv": [2.125, 5.875, 2.25, 7.75], "texture": "#0"},
				"up": {"uv": [2.125, 5.875, 0.125, 5.75], "texture": "#0"},
				"down": {"uv": [4.125, 5.75, 2.125, 5.875], "texture": "#0"}
			}
		},
		{
			"name": "top",
			"from": [0, 15, 0],
			"to": [16, 16, 16],
			"rotation": {"angle": 0, "axis": "y", "origin": [0, 1, 15]},
			"faces": {
				"north": {"uv": [2, 2, 4, 2.125], "texture": "#0"},
				"east": {"uv": [0, 2, 2, 2.125], "texture": "#0"},
				"south": {"uv": [6, 2, 8, 2.125], "texture": "#0"},
				"west": {"uv": [4, 2, 6, 2.125], "texture": "#0"},
				"up": {"uv": [4, 2, 2, 0], "texture": "#0"},
				"down": {"uv": [6, 0, 4, 2], "texture": "#0"}
			}
		},
		{
			"name": "back",
			"from": [0, 0, 15],
			"to": [16, 15, 16],
			"rotation": {"angle": 0, "axis": "x", "origin": [0, 0, 15]},
			"faces": {
				"north": {"uv": [4.375, 5.875, 6.375, 7.75], "texture": "#0"},
				"east": {"uv": [4.25, 5.875, 4.375, 7.75], "texture": "#0"},
				"south": {"uv": [6.5, 5.875, 8.5, 7.75], "texture": "#0"},
				"west": {"uv": [6.375, 5.875, 6.5, 7.75], "texture": "#0"},
				"up": {"uv": [6.375, 5.875, 4.375, 5.75], "texture": "#0"},
				"down": {"uv": [8.375, 5.75, 6.375, 5.875], "texture": "#0"}
			}
		},
		{
			"name": "right",
			"from": [15, 0, 1],
			"to": [16, 15, 15],
			"rotation": {"angle": 0, "axis": "y", "origin": [0, 0, 1]},
			"faces": {
				"north": {"uv": [1.75, 3.875, 1.875, 5.75], "texture": "#0"},
				"east": {"uv": [0, 3.875, 1.75, 5.75], "texture": "#0"},
				"south": {"uv": [3.625, 3.875, 3.75, 5.75], "texture": "#0"},
				"west": {"uv": [1.875, 3.875, 3.625, 5.75], "texture": "#0"},
				"up": {"uv": [1.875, 3.875, 1.75, 2.125], "texture": "#0"},
				"down": {"uv": [2, 2.125, 1.875, 3.875], "texture": "#0"}
			}
		},
		{
			"name": "left",
			"from": [0, 0, 1],
			"to": [1, 15, 15],
			"rotation": {"angle": 0, "axis": "y", "origin": [0, 0, 1]},
			"faces": {
				"north": {"uv": [5.5, 3.875, 5.625, 5.75], "texture": "#0"},
				"east": {"uv": [3.75, 3.875, 5.5, 5.75], "texture": "#0"},
				"south": {"uv": [7.375, 3.875, 7.5, 5.75], "texture": "#0"},
				"west": {"uv": [5.625, 3.875, 7.375, 5.75], "texture": "#0"},
				"up": {"uv": [5.625, 3.875, 5.5, 2.125], "texture": "#0"},
				"down": {"uv": [5.75, 2.125, 5.625, 3.875], "texture": "#0"}
			}
		}
	],
	"groups": [
		{
			"name": "base",
			"origin": [8, 8, 8],
			"color": 0,
			"children": [0, 1, 2, 3, 4]
		}
	],
	"display": {
		"firstperson_righthand": {
			"rotation": [0, 45, 0],
			"translation": [1.5, 4.25, 0],
			"scale": [0.3, 0.3, 0.3]
		},
        "thirdperson_righthand": {
            "rotation": [ 75, 45, 0 ],
            "translation": [ 0, 2.5, 0],
            "scale": [0.3, 0.3, 0.3]
        },
		"head": {
			"rotation": [0, 0, 0],
			"translation": [0, 0, 0],
			"scale": [1, 1, 1]
		},
		"ground": {
			"translation": [0.25, 5.75, 5],
			"rotation": [90, 180, 0],
			"scale": [0.6, 0.6, 0.6]
		},
        "gui": {
            "rotation": [30, 225, 0],
            "translation": [0, 0, 0],
            "scale":[0.625, 0.625, 0.625]
        },
		"fixed": {
			"rotation": [-90, 0, 0],
			"translation": [0, 0, -7]
		}
	}
}