{
  "model": {
    "type": "minecraft:select",
    "cases": [
      {
        "when": [
          "head"
        ],
        "model": {
          "type": "minecraft:model",
          "model": "jbt:item/foreman_hardhat_head"
        }
      },
      {
        "when": [
          "gui",
          "ground",
          "fixed",
          "firstperson_righthand",
          "firstperson_lefthand",
          "thirdperson_righthand",
          "thirdperson_lefthand"
        ],
        "model": {
          "type": "minecraft:model",
          "model": "jbt:item/foreman_hardhat"
        }
      }
    ],
    "property": "minecraft:display_context"
  }
}