{
	"format_version": "1.9.0",
	"credit": "Made with Blockbench, by pugiko",
	"texture_size": [64, 64],
	"textures": {
		"0": "tf2:item/ph_gibus",
		"particle": "tf2:item/ph_gibus"
	},
	"elements": [
		{
			"name": "base1",
			"from": [1, 0, 1],
			"to": [15, 2, 15],
			"faces": {
				"north": {"uv": [8, 6.5, 11.5, 7], "texture": "#0"},
				"east": {"uv": [8.5, 10.5, 12, 11], "texture": "#0"},
				"south": {"uv": [11, 1.75, 14.5, 2.25], "texture": "#0"},
				"west": {"uv": [11, 2.25, 14.5, 2.75], "texture": "#0"},
				"up": {"uv": [3.5, 13.5, 0, 10], "texture": "#0"},
				"down": {"uv": [7, 10, 3.5, 13.5], "texture": "#0"}
			}
		},
		{
			"name": "top1",
			"from": [3, 2, 3],
			"to": [12, 7, 13],
			"rotation": {"angle": 0, "axis": "y", "origin": [0, 2, 0]},
			"faces": {
				"north": {"uv": [2.5, 2.5, 4.75, 3.75], "texture": "#0"},
				"east": {"uv": [0, 2.5, 2.5, 3.75], "texture": "#0"},
				"south": {"uv": [7.25, 2.5, 9.5, 3.75], "texture": "#0"},
				"west": {"uv": [4.75, 2.5, 7.25, 3.75], "texture": "#0"},
				"up": {"uv": [4.75, 2.5, 2.5, 0], "texture": "#0"},
				"down": {"uv": [7, 0, 4.75, 2.5], "texture": "#0"}
			}
		},
		{
			"name": "top2",
			"from": [3, 7, 3],
			"to": [9, 10, 13],
			"rotation": {"angle": 0, "axis": "y", "origin": [0, 5, 0]},
			"faces": {
				"north": {"uv": [2.5, 6.25, 4, 7], "texture": "#0"},
				"east": {"uv": [0, 6.25, 2.5, 7], "texture": "#0"},
				"south": {"uv": [6.5, 6.25, 8, 7], "texture": "#0"},
				"west": {"uv": [4, 6.25, 6.5, 7], "texture": "#0"},
				"up": {"uv": [4, 6.25, 2.5, 3.75], "texture": "#0"},
				"down": {"uv": [5.5, 3.75, 4, 6.25], "texture": "#0"}
			}
		},
		{
			"name": "top3",
			"from": [12, 2, 3],
			"to": [13, 6, 13],
			"rotation": {"angle": 0, "axis": "y", "origin": [2, 2, 0]},
			"faces": {
				"north": {"uv": [9.5, 9.5, 9.75, 10.5], "texture": "#0"},
				"east": {"uv": [7, 9.5, 9.5, 10.5], "texture": "#0"},
				"south": {"uv": [12.25, 9.5, 12.5, 10.5], "texture": "#0"},
				"west": {"uv": [9.75, 9.5, 12.25, 10.5], "texture": "#0"},
				"up": {"uv": [9.75, 9.5, 9.5, 7], "texture": "#0"},
				"down": {"uv": [10, 7, 9.75, 9.5], "texture": "#0"}
			}
		},
		{
			"name": "top4",
			"from": [9, 7, 3],
			"to": [13, 9, 13],
			"rotation": {"angle": 0, "axis": "y", "origin": [2, 2, 0]},
			"faces": {
				"north": {"uv": [2.5, 9.5, 3.5, 10], "texture": "#0"},
				"east": {"uv": [0, 9.5, 2.5, 10], "texture": "#0"},
				"south": {"uv": [6, 9.5, 7, 10], "texture": "#0"},
				"west": {"uv": [3.5, 9.5, 6, 10], "texture": "#0"},
				"up": {"uv": [3.5, 9.5, 2.5, 7], "texture": "#0"},
				"down": {"uv": [4.5, 7, 3.5, 9.5], "texture": "#0"}
			}
		},
		{
			"name": "open1",
			"from": [3, 10, 3],
			"to": [4, 11, 13],
			"rotation": {"angle": 0, "axis": "y", "origin": [2, 10, 0]},
			"faces": {
				"north": {"uv": [10.5, 6.25, 10.75, 6.5], "texture": "#0"},
				"east": {"uv": [8, 6.25, 10.5, 6.5], "texture": "#0"},
				"south": {"uv": [13.25, 6.25, 13.5, 6.5], "texture": "#0"},
				"west": {"uv": [10.75, 6.25, 13.25, 6.5], "texture": "#0"},
				"up": {"uv": [10.75, 6.25, 10.5, 3.75], "texture": "#0"},
				"down": {"uv": [11, 3.75, 10.75, 6.25], "texture": "#0"}
			}
		},
		{
			"name": "open2",
			"from": [3, 11, 4],
			"to": [9, 12, 12],
			"rotation": {"angle": 0, "axis": "y", "origin": [3, 11, 0]},
			"faces": {
				"north": {"uv": [11, 3.25, 12.5, 3.5], "texture": "#0"},
				"east": {"uv": [11, 2.75, 13, 3], "texture": "#0"},
				"south": {"uv": [11, 3.5, 12.5, 3.75], "texture": "#0"},
				"west": {"uv": [11, 3, 13, 3.25], "texture": "#0"},
				"up": {"uv": [11, 3.75, 9.5, 1.75], "texture": "#0"},
				"down": {"uv": [8.5, 10.5, 7, 12.5], "texture": "#0"}
			}
		},
		{
			"name": "open3",
			"from": [8, 12, 5],
			"to": [13, 13, 11],
			"rotation": {"angle": 0, "axis": "y", "origin": [6, 12, 0]},
			"faces": {
				"north": {"uv": [11, 1.5, 12.25, 1.75], "texture": "#0"},
				"east": {"uv": [9.5, 1.5, 11, 1.75], "texture": "#0"},
				"south": {"uv": [13.75, 1.5, 15, 1.75], "texture": "#0"},
				"west": {"uv": [12.25, 1.5, 13.75, 1.75], "texture": "#0"},
				"up": {"uv": [12.25, 1.5, 11, 0], "texture": "#0"},
				"down": {"uv": [13.5, 0, 12.25, 1.5], "texture": "#0"}
			}
		}
	],
	"groups": [
		{
			"name": "base",
			"origin": [3, 2, 0],
			"color": 0,
			"children": [0]
		},
		{
			"name": "top",
			"origin": [0, 2, 0],
			"color": 0,
			"children": [1, 2, 3, 4]
		},
		{
			"name": "open",
			"origin": [6, 12, 0],
			"color": 0,
			"children": [5, 6, 7]
		}
	],
	"display": {
		"firstperson_righthand": {
			"rotation": [0, 45, 0],
			"translation": [1.5, 4.25, 0],
			"scale": [0.3, 0.3, 0.3]
		},
        "thirdperson_righthand": {
            "rotation": [ 75, 45, 0 ],
            "translation": [ 0, 2.5, 0],
            "scale": [0.3, 0.3, 0.3]
        },
		"head": {
			"rotation": [0, 0, 0],
			"translation": [0, 13, 0],
			"scale": [1.2, 1.2, 1.2]
		},
		"ground": {
			"translation": [-0.5, 5.75, 14.25],
			"rotation": [90, 180, 0],
			"scale": [1, 1, 1]
		},
        "gui": {
            "rotation": [30, 225, 0],
            "translation": [0, 0, 0],
            "scale":[0.625, 0.625, 0.625]
        },
		"fixed": {
			"rotation": [-90, 0, 0],
			"translation": [0, 0, -7]
		}
	}
}