{
	"format_version": "1.9.0",
	"credit": "Made with Blockbench, by pugiko",
	"texture_size": [128, 128],
	"textures": {
		"0": "tf2:item/ph_gibus",
		"particle": "tf2:item/ph_gibus"
	},
	"elements": [
		{
			"from": [1, 0, 1],
			"to": [15, 2, 15],
			"faces": {
				"north": {"uv": [1.75, 1.75, 3.5, 2], "texture": "#0"},
				"east": {"uv": [0, 1.75, 1.75, 2], "texture": "#0"},
				"south": {"uv": [5.25, 1.75, 7, 2], "texture": "#0"},
				"west": {"uv": [3.5, 1.75, 5.25, 2], "texture": "#0"},
				"up": {"uv": [3.5, 1.75, 1.75, 0], "texture": "#0"},
				"down": {"uv": [5.25, 0, 3.5, 1.75], "texture": "#0"}
			}
		},
		{
			"from": [1, 1.5, 1],
			"to": [2, 2.5, 15],
			"rotation": {"angle": 0, "axis": "y", "origin": [0, 0.5, 0]},
			"faces": {
				"north": {"uv": [6.75, 5.375, 6.875, 5.5], "texture": "#0"},
				"east": {"uv": [5, 5.375, 6.75, 5.5], "texture": "#0"},
				"south": {"uv": [8.625, 5.375, 8.75, 5.5], "texture": "#0"},
				"west": {"uv": [6.875, 5.375, 8.625, 5.5], "texture": "#0"},
				"up": {"uv": [6.875, 5.375, 6.75, 3.625], "texture": "#0"},
				"down": {"uv": [7, 3.625, 6.875, 5.375], "texture": "#0"}
			}
		},
		{
			"from": [14, 1.5, 1],
			"to": [15, 2.5, 15],
			"rotation": {"angle": 0, "axis": "y", "origin": [13, 0.5, 0]},
			"faces": {
				"north": {"uv": [1.75, 7, 1.875, 7.125], "texture": "#0"},
				"east": {"uv": [0, 7, 1.75, 7.125], "texture": "#0"},
				"south": {"uv": [3.625, 7, 3.75, 7.125], "texture": "#0"},
				"west": {"uv": [1.875, 7, 3.625, 7.125], "texture": "#0"},
				"up": {"uv": [1.875, 7, 1.75, 5.25], "texture": "#0"},
				"down": {"uv": [2, 5.25, 1.875, 7], "texture": "#0"}
			}
		},
		{
			"from": [2, 1.5, 14],
			"to": [14, 2.5, 15],
			"rotation": {"angle": 0, "axis": "y", "origin": [12, 0.5, 0]},
			"faces": {
				"north": {"uv": [7.125, 1.625, 8.625, 1.75], "texture": "#0"},
				"east": {"uv": [7, 1.625, 7.125, 1.75], "texture": "#0"},
				"south": {"uv": [8.75, 1.625, 10.25, 1.75], "texture": "#0"},
				"west": {"uv": [8.625, 1.625, 8.75, 1.75], "texture": "#0"},
				"up": {"uv": [8.625, 1.625, 7.125, 1.5], "texture": "#0"},
				"down": {"uv": [10.125, 1.5, 8.625, 1.625], "texture": "#0"}
			}
		},
		{
			"from": [2, 1.5, 1],
			"to": [14, 2.5, 2],
			"rotation": {"angle": 0, "axis": "y", "origin": [12, 0.5, -12]},
			"faces": {
				"north": {"uv": [7.125, 1.875, 8.625, 2], "texture": "#0"},
				"east": {"uv": [7, 1.875, 7.125, 2], "texture": "#0"},
				"south": {"uv": [8.75, 1.875, 10.25, 2], "texture": "#0"},
				"west": {"uv": [8.625, 1.875, 8.75, 2], "texture": "#0"},
				"up": {"uv": [8.625, 1.875, 7.125, 1.75], "texture": "#0"},
				"down": {"uv": [10.125, 1.75, 8.625, 1.875], "texture": "#0"}
			}
		},
		{
			"from": [3, 4, 3],
			"to": [13, 7, 13],
			"rotation": {"angle": 0, "axis": "y", "origin": [0, 2, 0]},
			"faces": {
				"north": {"uv": [1.25, 4.875, 2.5, 5.25], "texture": "#0"},
				"east": {"uv": [0, 4.875, 1.25, 5.25], "texture": "#0"},
				"south": {"uv": [3.75, 4.875, 5, 5.25], "texture": "#0"},
				"west": {"uv": [2.5, 4.875, 3.75, 5.25], "texture": "#0"},
				"up": {"uv": [2.5, 4.875, 1.25, 3.625], "texture": "#0"},
				"down": {"uv": [3.75, 3.625, 2.5, 4.875], "texture": "#0"}
			}
		},
		{
			"from": [2.5, 2, 2.5],
			"to": [13.5, 4, 13.5],
			"faces": {
				"north": {"uv": [1.375, 3.375, 2.75, 3.625], "texture": "#0"},
				"east": {"uv": [0, 3.375, 1.375, 3.625], "texture": "#0"},
				"south": {"uv": [4.125, 3.375, 5.5, 3.625], "texture": "#0"},
				"west": {"uv": [2.75, 3.375, 4.125, 3.625], "texture": "#0"},
				"up": {"uv": [2.75, 3.375, 1.375, 2], "texture": "#0"},
				"down": {"uv": [4.125, 2, 2.75, 3.375], "texture": "#0"}
			}
		},
		{
			"from": [7, 7, 3],
			"to": [13, 10, 13],
			"rotation": {"angle": 0, "axis": "y", "origin": [4, 5, 0]},
			"faces": {
				"north": {"uv": [6.75, 3.25, 7.5, 3.625], "texture": "#0"},
				"east": {"uv": [5.5, 3.25, 6.75, 3.625], "texture": "#0"},
				"south": {"uv": [8.75, 3.25, 9.5, 3.625], "texture": "#0"},
				"west": {"uv": [7.5, 3.25, 8.75, 3.625], "texture": "#0"},
				"up": {"uv": [7.5, 3.25, 6.75, 2], "texture": "#0"},
				"down": {"uv": [8.25, 2, 7.5, 3.25], "texture": "#0"}
			}
		},
		{
			"from": [3, 7, 3],
			"to": [7, 9, 13],
			"rotation": {"angle": 0, "axis": "y", "origin": [-4, 2, 0]},
			"faces": {
				"north": {"uv": [8.25, 1.25, 8.75, 1.5], "texture": "#0"},
				"east": {"uv": [7, 1.25, 8.25, 1.5], "texture": "#0"},
				"south": {"uv": [10, 1.25, 10.5, 1.5], "texture": "#0"},
				"west": {"uv": [8.75, 1.25, 10, 1.5], "texture": "#0"},
				"up": {"uv": [8.75, 1.25, 8.25, 0], "texture": "#0"},
				"down": {"uv": [9.25, 0, 8.75, 1.25], "texture": "#0"}
			}
		},
		{
			"from": [12, 9.5, 3],
			"to": [13, 10.5, 13],
			"rotation": {"angle": 0, "axis": "y", "origin": [11, 10, 0]},
			"faces": {
				"north": {"uv": [1.25, 8.375, 1.375, 8.5], "texture": "#0"},
				"east": {"uv": [0, 8.375, 1.25, 8.5], "texture": "#0"},
				"south": {"uv": [2.625, 8.375, 2.75, 8.5], "texture": "#0"},
				"west": {"uv": [1.375, 8.375, 2.625, 8.5], "texture": "#0"},
				"up": {"uv": [1.375, 8.375, 1.25, 7.125], "texture": "#0"},
				"down": {"uv": [1.5, 7.125, 1.375, 8.375], "texture": "#0"}
			}
		},
		{
			"from": [3, 9, 3],
			"to": [5, 10, 4],
			"rotation": {"angle": 0, "axis": "y", "origin": [5, 9, 0]},
			"faces": {
				"north": {"uv": [2.875, 7.25, 3.125, 7.375], "texture": "#0"},
				"east": {"uv": [2.75, 7.25, 2.875, 7.375], "texture": "#0"},
				"south": {"uv": [3.25, 7.25, 3.5, 7.375], "texture": "#0"},
				"west": {"uv": [3.125, 7.25, 3.25, 7.375], "texture": "#0"},
				"up": {"uv": [3.125, 7.25, 2.875, 7.125], "texture": "#0"},
				"down": {"uv": [3.375, 7.125, 3.125, 7.25], "texture": "#0"}
			}
		},
		{
			"from": [5, 8.5, 3],
			"to": [7, 9.5, 4],
			"rotation": {"angle": 0, "axis": "y", "origin": [7, 9, 0]},
			"faces": {
				"north": {"uv": [2.875, 7.5, 3.125, 7.625], "texture": "#0"},
				"east": {"uv": [2.75, 7.5, 2.875, 7.625], "texture": "#0"},
				"south": {"uv": [3.25, 7.5, 3.5, 7.625], "texture": "#0"},
				"west": {"uv": [3.125, 7.5, 3.25, 7.625], "texture": "#0"},
				"up": {"uv": [3.125, 7.5, 2.875, 7.375], "texture": "#0"},
				"down": {"uv": [3.375, 7.375, 3.125, 7.5], "texture": "#0"}
			}
		},
		{
			"from": [3, 9, 12],
			"to": [7, 10, 13],
			"rotation": {"angle": 0, "axis": "y", "origin": [5, 9, 9]},
			"faces": {
				"north": {"uv": [3.875, 5.375, 4.375, 5.5], "texture": "#0"},
				"east": {"uv": [3.75, 5.375, 3.875, 5.5], "texture": "#0"},
				"south": {"uv": [4.5, 5.375, 5, 5.5], "texture": "#0"},
				"west": {"uv": [4.375, 5.375, 4.5, 5.5], "texture": "#0"},
				"up": {"uv": [4.375, 5.375, 3.875, 5.25], "texture": "#0"},
				"down": {"uv": [4.875, 5.25, 4.375, 5.375], "texture": "#0"}
			}
		},
		{
			"from": [3, 9, 4],
			"to": [4, 10, 12],
			"rotation": {"angle": 0, "axis": "y", "origin": [5, 9, 8]},
			"faces": {
				"north": {"uv": [8.5, 7.875, 8.625, 8], "texture": "#0"},
				"east": {"uv": [7.5, 7.875, 8.5, 8], "texture": "#0"},
				"south": {"uv": [9.625, 7.875, 9.75, 8], "texture": "#0"},
				"west": {"uv": [8.625, 7.875, 9.625, 8], "texture": "#0"},
				"up": {"uv": [8.625, 7.875, 8.5, 6.875], "texture": "#0"},
				"down": {"uv": [8.75, 6.875, 8.625, 7.875], "texture": "#0"}
			}
		},
		{
			"from": [7, 10.5, 3],
			"to": [13, 11.5, 13],
			"rotation": {"angle": 0, "axis": "y", "origin": [7, 10.5, 0]},
			"faces": {
				"north": {"uv": [5, 6.75, 5.75, 6.875], "texture": "#0"},
				"east": {"uv": [3.75, 6.75, 5, 6.875], "texture": "#0"},
				"south": {"uv": [7, 6.75, 7.75, 6.875], "texture": "#0"},
				"west": {"uv": [5.75, 6.75, 7, 6.875], "texture": "#0"},
				"up": {"uv": [5.75, 6.75, 5, 5.5], "texture": "#0"},
				"down": {"uv": [6.5, 5.5, 5.75, 6.75], "texture": "#0"}
			}
		},
		{
			"from": [2.53284, 13.17878, 3],
			"to": [7.53284, 14.17878, 13],
			"rotation": {"angle": -22.5, "axis": "z", "origin": [0.53284, 13.17878, 0]},
			"faces": {
				"north": {"uv": [5, 8.125, 5.625, 8.25], "texture": "#0"},
				"east": {"uv": [3.75, 8.125, 5, 8.25], "texture": "#0"},
				"south": {"uv": [6.875, 8.125, 7.5, 8.25], "texture": "#0"},
				"west": {"uv": [5.625, 8.125, 6.875, 8.25], "texture": "#0"},
				"up": {"uv": [5.625, 8.125, 5, 6.875], "texture": "#0"},
				"down": {"uv": [6.25, 6.875, 5.625, 8.125], "texture": "#0"}
			}
		}
	],
	"groups": [
		{
			"name": "base",
			"origin": [3, 2, 0],
			"color": 0,
			"children": [0, 1, 2, 3, 4]
		},
		{
			"name": "top",
			"origin": [0, 2, 0],
			"color": 0,
			"children": [5, 6, 7, 8]
		},
		{
			"name": "open",
			"origin": [6, 12, 0],
			"color": 0,
			"children": [9, 10, 11, 12, 13, 14, 15]
		}
	],
	"display": {
		"firstperson_righthand": {
			"rotation": [0, 45, 0],
			"translation": [1.5, 4.25, 0],
			"scale": [0.3, 0.3, 0.3]
		},
        "thirdperson_righthand": {
            "rotation": [ 75, 45, 0 ],
            "translation": [ 0, 2.5, 0],
            "scale": [0.3, 0.3, 0.3]
        },
		"head": {
			"rotation": [0, 0, 0],
			"translation": [0, 14, 0],
			"scale": [1, 1, 1]
		},
		"ground": {
			"translation": [-0.5, 5.75, 14.25],
			"rotation": [90, 180, 0],
			"scale": [1, 1, 1]
		},
        "gui": {
            "rotation": [30, 225, 0],
            "translation": [0, 0, 0],
            "scale":[0.625, 0.625, 0.625]
        },
		"fixed": {
			"rotation": [-90, 0, 0],
			"translation": [0, 0, -7]
		}
	}
}