{
	"format_version": "1.9.0",
	"credit": "Made with Blockbench, by pugiko",
	"texture_size": [64, 64],
	"textures": {
		"0": "tf2:item/ph_maxsseveredhead",
		"particle": "tf2:item/ph_maxsseveredhead"
	},
	"elements": [
		{
			"name": "base1",
			"from": [3, 2, 3],
			"to": [12, 3, 13],
			"rotation": {"angle": 0, "axis": "y", "origin": [0, 2, 0]},
			"faces": {
				"north": {"uv": [2.5, 9, 4.75, 9.25], "texture": "#0"},
				"east": {"uv": [0, 9, 2.5, 9.25], "texture": "#0"},
				"south": {"uv": [7.25, 9, 9.5, 9.25], "texture": "#0"},
				"west": {"uv": [4.75, 9, 7.25, 9.25], "texture": "#0"},
				"up": {"uv": [4.75, 9, 2.5, 6.5], "texture": "#0"},
				"down": {"uv": [7, 6.5, 4.75, 9], "texture": "#0"}
			}
		},
		{
			"name": "base2",
			"from": [2, 0, 2],
			"to": [13, 1, 15],
			"faces": {
				"north": {"uv": [3.25, 3.25, 6, 3.5], "texture": "#0"},
				"east": {"uv": [0, 3.25, 3.25, 3.5], "texture": "#0"},
				"south": {"uv": [9.25, 3.25, 12, 3.5], "texture": "#0"},
				"west": {"uv": [6, 3.25, 9.25, 3.5], "texture": "#0"},
				"up": {"uv": [6, 3.25, 3.25, 0], "texture": "#0"},
				"down": {"uv": [8.75, 0, 6, 3.25], "texture": "#0"}
			}
		},
		{
			"name": "base3",
			"from": [2, 1, 3],
			"to": [13, 2, 14],
			"rotation": {"angle": 0, "axis": "y", "origin": [0, 1, 0]},
			"faces": {
				"north": {"uv": [2.75, 6.25, 5.5, 6.5], "texture": "#0"},
				"east": {"uv": [0, 6.25, 2.75, 6.5], "texture": "#0"},
				"south": {"uv": [8.25, 6.25, 11, 6.5], "texture": "#0"},
				"west": {"uv": [5.5, 6.25, 8.25, 6.5], "texture": "#0"},
				"up": {"uv": [5.5, 6.25, 2.75, 3.5], "texture": "#0"},
				"down": {"uv": [8.25, 3.5, 5.5, 6.25], "texture": "#0"}
			}
		},
		{
			"name": "r_ear1",
			"from": [2, 2, 8],
			"to": [4, 5, 9],
			"rotation": {"angle": 0, "axis": "y", "origin": [-4, 2, 0]},
			"faces": {
				"north": {"uv": [7.75, 9.5, 8.25, 10.25], "texture": "#0"},
				"east": {"uv": [7.5, 9.5, 7.75, 10.25], "texture": "#0"},
				"south": {"uv": [8.5, 9.5, 9, 10.25], "texture": "#0"},
				"west": {"uv": [8.25, 9.5, 8.5, 10.25], "texture": "#0"},
				"up": {"uv": [8.25, 9.5, 7.75, 9.25], "texture": "#0"},
				"down": {"uv": [8.75, 9.25, 8.25, 9.5], "texture": "#0"}
			}
		},
		{
			"name": "r_ear2",
			"from": [3, 5, 8],
			"to": [4, 10, 9],
			"rotation": {"angle": 0, "axis": "y", "origin": [-3, 3, 0]},
			"faces": {
				"north": {"uv": [9.25, 9.5, 9.5, 10.75], "texture": "#0"},
				"east": {"uv": [9, 9.5, 9.25, 10.75], "texture": "#0"},
				"south": {"uv": [9.75, 9.5, 10, 10.75], "texture": "#0"},
				"west": {"uv": [9.5, 9.5, 9.75, 10.75], "texture": "#0"},
				"up": {"uv": [9.5, 9.5, 9.25, 9.25], "texture": "#0"},
				"down": {"uv": [9.75, 9.25, 9.5, 9.5], "texture": "#0"}
			}
		},
		{
			"name": "r_ear3",
			"from": [1, 5, 8],
			"to": [3, 11, 9],
			"rotation": {"angle": 0, "axis": "y", "origin": [-5, 0, 0]},
			"faces": {
				"north": {"uv": [1.75, 9.5, 2.25, 11], "texture": "#0"},
				"east": {"uv": [1.5, 9.5, 1.75, 11], "texture": "#0"},
				"south": {"uv": [2.5, 9.5, 3, 11], "texture": "#0"},
				"west": {"uv": [2.25, 9.5, 2.5, 11], "texture": "#0"},
				"up": {"uv": [2.25, 9.5, 1.75, 9.25], "texture": "#0"},
				"down": {"uv": [2.75, 9.25, 2.25, 9.5], "texture": "#0"}
			}
		},
		{
			"name": "l_ear1",
			"from": [11, 2, 8],
			"to": [13, 5, 9],
			"rotation": {"angle": 0, "axis": "y", "origin": [5, 2, 0]},
			"faces": {
				"north": {"uv": [5.25, 9.5, 5.75, 10.25], "texture": "#0"},
				"east": {"uv": [5, 9.5, 5.25, 10.25], "texture": "#0"},
				"south": {"uv": [6, 9.5, 6.5, 10.25], "texture": "#0"},
				"west": {"uv": [5.75, 9.5, 6, 10.25], "texture": "#0"},
				"up": {"uv": [5.75, 9.5, 5.25, 9.25], "texture": "#0"},
				"down": {"uv": [6.25, 9.25, 5.75, 9.5], "texture": "#0"}
			}
		},
		{
			"name": "l_ear2",
			"from": [11, 5, 8],
			"to": [12, 10, 9],
			"rotation": {"angle": 0, "axis": "y", "origin": [5, 3, 0]},
			"faces": {
				"north": {"uv": [6.75, 9.5, 7, 10.75], "texture": "#0"},
				"east": {"uv": [6.5, 9.5, 6.75, 10.75], "texture": "#0"},
				"south": {"uv": [7.25, 9.5, 7.5, 10.75], "texture": "#0"},
				"west": {"uv": [7, 9.5, 7.25, 10.75], "texture": "#0"},
				"up": {"uv": [7, 9.5, 6.75, 9.25], "texture": "#0"},
				"down": {"uv": [7.25, 9.25, 7, 9.5], "texture": "#0"}
			}
		},
		{
			"name": "l_ear3",
			"from": [12, 5, 8],
			"to": [14, 11, 9],
			"rotation": {"angle": 0, "axis": "y", "origin": [6, 0, 0]},
			"faces": {
				"north": {"uv": [0.25, 9.5, 0.75, 11], "texture": "#0"},
				"east": {"uv": [0, 9.5, 0.25, 11], "texture": "#0"},
				"south": {"uv": [1, 9.5, 1.5, 11], "texture": "#0"},
				"west": {"uv": [0.75, 9.5, 1, 11], "texture": "#0"},
				"up": {"uv": [0.75, 9.5, 0.25, 9.25], "texture": "#0"},
				"down": {"uv": [1.25, 9.25, 0.75, 9.5], "texture": "#0"}
			}
		},
		{
			"name": "left_eye",
			"from": [11, 1, 2],
			"to": [12, 3, 3],
			"rotation": {"angle": 0, "axis": "y", "origin": [1, 0, 1]},
			"faces": {
				"north": {"uv": [9.75, 6.75, 10, 7.25], "texture": "#0"},
				"east": {"uv": [9.5, 6.75, 9.75, 7.25], "texture": "#0"},
				"south": {"uv": [10.25, 6.75, 10.5, 7.25], "texture": "#0"},
				"west": {"uv": [10, 6.75, 10.25, 7.25], "texture": "#0"},
				"up": {"uv": [10, 6.75, 9.75, 6.5], "texture": "#0"},
				"down": {"uv": [10.25, 6.5, 10, 6.75], "texture": "#0"}
			}
		},
		{
			"name": "nose",
			"from": [6, 1, 2],
			"to": [9, 2, 3],
			"rotation": {"angle": 0, "axis": "y", "origin": [-3, 0, 1]},
			"faces": {
				"north": {"uv": [3.25, 9.5, 4, 9.75], "texture": "#0"},
				"east": {"uv": [3, 9.5, 3.25, 9.75], "texture": "#0"},
				"south": {"uv": [4.25, 9.5, 5, 9.75], "texture": "#0"},
				"west": {"uv": [4, 9.5, 4.25, 9.75], "texture": "#0"},
				"up": {"uv": [4, 9.5, 3.25, 9.25], "texture": "#0"},
				"down": {"uv": [4.75, 9.25, 4, 9.5], "texture": "#0"}
			}
		},
		{
			"name": "right_eye",
			"from": [3, 1, 2],
			"to": [4, 3, 3],
			"rotation": {"angle": 0, "axis": "y", "origin": [-7, 0, 1]},
			"faces": {
				"north": {"uv": [9.75, 7.5, 10, 8], "texture": "#0"},
				"east": {"uv": [9.5, 7.5, 9.75, 8], "texture": "#0"},
				"south": {"uv": [10.25, 7.5, 10.5, 8], "texture": "#0"},
				"west": {"uv": [10, 7.5, 10.25, 8], "texture": "#0"},
				"up": {"uv": [10, 7.5, 9.75, 7.25], "texture": "#0"},
				"down": {"uv": [10.25, 7.25, 10, 7.5], "texture": "#0"}
			}
		}
	],
	"groups": [
		{
			"name": "base",
			"origin": [0, 2, 0],
			"color": 0,
			"children": [0, 1, 2]
		},
		{
			"name": "right_ear",
			"origin": [5, 2, 0],
			"color": 0,
			"children": [3, 4, 5]
		},
		{
			"name": "left_ear",
			"origin": [5, 2, 0],
			"color": 0,
			"children": [6, 7, 8]
		},
		{
			"name": "face",
			"origin": [0, 2, 0],
			"color": 0,
			"children": [9, 10, 11]
		}
	],
	"display": {
		"firstperson_righthand": {
			"rotation": [0, 45, 0],
			"translation": [1.5, 4.25, 0],
			"scale": [0.3, 0.3, 0.3]
		},
        "thirdperson_righthand": {
            "rotation": [ 75, 45, 0 ],
            "translation": [ 0, 2.5, 0],
            "scale": [0.3, 0.3, 0.3]
        },
		"head": {
			"rotation": [0, 0, 0],
			"translation": [0.5, 13, -0.5],
			"scale": [1.3, 1.3, 1.3]
		},
		"ground": {
			"translation": [-0.5, 5.75, 14.25],
			"rotation": [90, 180, 0],
			"scale": [1, 1, 1]
		},
        "gui": {
            "rotation": [30, 225, 0],
            "translation": [0, 0, 0],
            "scale":[0.625, 0.625, 0.625]
        },
		"fixed": {
			"rotation": [-90, 0, 0],
			"translation": [0, 0, -7]
		}
	}
}