{
	"format_version": "1.9.0",
	"credit": "Made with Blockbench, by pugiko",
	"texture_size": [64, 64],
	"textures": {
		"0": "tf2:item/ph_maxsseveredhead",
		"particle": "tf2:item/ph_maxsseveredhead"
	},
	"elements": [
		{
			"from": [2, 2, 1],
			"to": [14, 3, 14],
			"rotation": {"angle": 0, "axis": "y", "origin": [7.5, 2.5, 8]},
			"faces": {
				"north": {"uv": [3.25, 11.25, 6.25, 11.5], "texture": "#0"},
				"east": {"uv": [0, 11.25, 3.25, 11.5], "texture": "#0"},
				"south": {"uv": [9.5, 11.25, 12.5, 11.5], "texture": "#0"},
				"west": {"uv": [6.25, 11.25, 9.5, 11.5], "texture": "#0"},
				"up": {"uv": [6.25, 11.25, 3.25, 8], "texture": "#0"},
				"down": {"uv": [9.25, 8, 6.25, 11.25], "texture": "#0"}
			}
		},
		{
			"from": [4, 3, 2],
			"to": [12, 4, 13],
			"rotation": {"angle": 0, "axis": "y", "origin": [7.5, 3.5, 8]},
			"faces": {
				"north": {"uv": [2.75, 14.25, 4.75, 14.5], "texture": "#0"},
				"east": {"uv": [0, 14.25, 2.75, 14.5], "texture": "#0"},
				"south": {"uv": [7.5, 14.25, 9.5, 14.5], "texture": "#0"},
				"west": {"uv": [4.75, 14.25, 7.5, 14.5], "texture": "#0"},
				"up": {"uv": [4.75, 14.25, 2.75, 11.5], "texture": "#0"},
				"down": {"uv": [6.75, 11.5, 4.75, 14.25], "texture": "#0"}
			}
		},
		{
			"from": [0, 0, 0],
			"to": [16, 1, 16],
			"rotation": {"angle": 0, "axis": "y", "origin": [7.5, 0.5, 8.5]},
			"faces": {
				"north": {"uv": [4, 4, 8, 4.25], "texture": "#0"},
				"east": {"uv": [0, 4, 4, 4.25], "texture": "#0"},
				"south": {"uv": [12, 4, 16, 4.25], "texture": "#0"},
				"west": {"uv": [8, 4, 12, 4.25], "texture": "#0"},
				"up": {"uv": [8, 4, 4, 0], "texture": "#0"},
				"down": {"uv": [12, 0, 8, 4], "texture": "#0"}
			}
		},
		{
			"from": [0, 1, 1],
			"to": [16, 2, 15],
			"rotation": {"angle": 0, "axis": "y", "origin": [7.5, 1.5, 8.5]},
			"faces": {
				"north": {"uv": [3.5, 7.75, 7.5, 8], "texture": "#0"},
				"east": {"uv": [0, 7.75, 3.5, 8], "texture": "#0"},
				"south": {"uv": [11, 7.75, 15, 8], "texture": "#0"},
				"west": {"uv": [7.5, 7.75, 11, 8], "texture": "#0"},
				"up": {"uv": [7.5, 7.75, 3.5, 4.25], "texture": "#0"},
				"down": {"uv": [11.5, 4.25, 7.5, 7.75], "texture": "#0"}
			}
		},
		{
			"from": [0.41174, 2.51839, 7],
			"to": [2.41174, 5.51839, 8],
			"rotation": {"angle": 22.5, "axis": "z", "origin": [2.2521, 8.00157, 7.5]},
			"faces": {
				"north": {"uv": [7.25, 12, 7.75, 12.75], "texture": "#0"},
				"east": {"uv": [7, 12, 7.25, 12.75], "texture": "#0"},
				"south": {"uv": [8, 12, 8.5, 12.75], "texture": "#0"},
				"west": {"uv": [7.75, 12, 8, 12.75], "texture": "#0"},
				"up": {"uv": [7.75, 12, 7.25, 11.75], "texture": "#0"},
				"down": {"uv": [8.25, 11.75, 7.75, 12], "texture": "#0"}
			}
		},
		{
			"from": [1.5021, 5.00314, 7],
			"to": [3.5021, 6.00314, 8],
			"rotation": {"angle": 0, "axis": "y", "origin": [2.2521, 8.00157, 7.5]},
			"faces": {
				"north": {"uv": [7.25, 12.5, 7.75, 12.75], "texture": "#0"},
				"east": {"uv": [7, 12.5, 7.25, 12.75], "texture": "#0"},
				"south": {"uv": [8, 12.5, 8.5, 12.75], "texture": "#0"},
				"west": {"uv": [7.75, 12.5, 8, 12.75], "texture": "#0"},
				"up": {"uv": [7.75, 12.5, 7.25, 12.25], "texture": "#0"},
				"down": {"uv": [8.25, 12.25, 7.75, 12.5], "texture": "#0"}
			}
		},
		{
			"from": [0.5021, 6.00314, 7],
			"to": [3.5021, 11.00314, 8],
			"rotation": {"angle": 0, "axis": "y", "origin": [2.2521, 8.00157, 7.5]},
			"faces": {
				"north": {"uv": [8.75, 12, 9.5, 13.25], "texture": "#0"},
				"east": {"uv": [8.5, 12, 8.75, 13.25], "texture": "#0"},
				"south": {"uv": [9.75, 12, 10.5, 13.25], "texture": "#0"},
				"west": {"uv": [9.5, 12, 9.75, 13.25], "texture": "#0"},
				"up": {"uv": [9.5, 12, 8.75, 11.75], "texture": "#0"},
				"down": {"uv": [10.25, 11.75, 9.5, 12], "texture": "#0"}
			}
		},
		{
			"from": [0.5021, 11.00314, 7],
			"to": [2.5021, 13.00314, 8],
			"rotation": {"angle": 0, "axis": "y", "origin": [2.2521, 8.00157, 7.5]},
			"faces": {
				"north": {"uv": [10.75, 12, 11.25, 12.5], "texture": "#0"},
				"east": {"uv": [10.5, 12, 10.75, 12.5], "texture": "#0"},
				"south": {"uv": [11.5, 12, 12, 12.5], "texture": "#0"},
				"west": {"uv": [11.25, 12, 11.5, 12.5], "texture": "#0"},
				"up": {"uv": [11.25, 12, 10.75, 11.75], "texture": "#0"},
				"down": {"uv": [11.75, 11.75, 11.25, 12], "texture": "#0"}
			}
		},
		{
			"from": [2.5021, 11.00314, 7],
			"to": [3.5021, 12.00314, 8],
			"rotation": {"angle": 0, "axis": "y", "origin": [2.2521, 8.00157, 7.5]},
			"faces": {
				"north": {"uv": [7.5, 12.5, 7.75, 12.75], "texture": "#0"},
				"east": {"uv": [7.25, 12.5, 7.5, 12.75], "texture": "#0"},
				"south": {"uv": [8, 12.5, 8.25, 12.75], "texture": "#0"},
				"west": {"uv": [7.75, 12.5, 8, 12.75], "texture": "#0"},
				"up": {"uv": [7.75, 12.5, 7.5, 12.25], "texture": "#0"},
				"down": {"uv": [8, 12.25, 7.75, 12.5], "texture": "#0"}
			}
		},
		{
			"from": [13.41174, 2.51839, 7],
			"to": [15.41174, 5.51839, 8],
			"rotation": {"angle": -22.5, "axis": "z", "origin": [15.2521, 8.00157, 7.5]},
			"faces": {
				"north": {"uv": [7.25, 12, 7.75, 12.75], "texture": "#0"},
				"east": {"uv": [7, 12, 7.25, 12.75], "texture": "#0"},
				"south": {"uv": [8, 12, 8.5, 12.75], "texture": "#0"},
				"west": {"uv": [7.75, 12, 8, 12.75], "texture": "#0"},
				"up": {"uv": [7.75, 12, 7.25, 11.75], "texture": "#0"},
				"down": {"uv": [8.25, 11.75, 7.75, 12], "texture": "#0"}
			}
		},
		{
			"from": [12.44931, 5.64632, 7],
			"to": [14.44931, 6.64632, 8],
			"rotation": {"angle": 0, "axis": "y", "origin": [13.19931, 8.64475, 7.5]},
			"faces": {
				"north": {"uv": [7.25, 12.5, 7.75, 12.75], "texture": "#0"},
				"east": {"uv": [7, 12.5, 7.25, 12.75], "texture": "#0"},
				"south": {"uv": [8, 12.5, 8.5, 12.75], "texture": "#0"},
				"west": {"uv": [7.75, 12.5, 8, 12.75], "texture": "#0"},
				"up": {"uv": [7.75, 12.5, 7.25, 12.25], "texture": "#0"},
				"down": {"uv": [8.25, 12.25, 7.75, 12.5], "texture": "#0"}
			}
		},
		{
			"from": [12.44931, 6.64632, 7],
			"to": [15.44931, 11.64632, 8],
			"rotation": {"angle": 0, "axis": "y", "origin": [14.19931, 8.64475, 7.5]},
			"faces": {
				"north": {"uv": [8.75, 12, 9.5, 13.25], "texture": "#0"},
				"east": {"uv": [8.5, 12, 8.75, 13.25], "texture": "#0"},
				"south": {"uv": [9.75, 12, 10.5, 13.25], "texture": "#0"},
				"west": {"uv": [9.5, 12, 9.75, 13.25], "texture": "#0"},
				"up": {"uv": [9.5, 12, 8.75, 11.75], "texture": "#0"},
				"down": {"uv": [10.25, 11.75, 9.5, 12], "texture": "#0"}
			}
		},
		{
			"from": [13.44931, 11.64632, 7],
			"to": [15.44931, 13.64632, 8],
			"rotation": {"angle": 0, "axis": "y", "origin": [15.19931, 8.64475, 7.5]},
			"faces": {
				"north": {"uv": [10.75, 12, 11.25, 12.5], "texture": "#0"},
				"east": {"uv": [10.5, 12, 10.75, 12.5], "texture": "#0"},
				"south": {"uv": [11.5, 12, 12, 12.5], "texture": "#0"},
				"west": {"uv": [11.25, 12, 11.5, 12.5], "texture": "#0"},
				"up": {"uv": [11.25, 12, 10.75, 11.75], "texture": "#0"},
				"down": {"uv": [11.75, 11.75, 11.25, 12], "texture": "#0"}
			}
		},
		{
			"from": [12.44931, 11.64632, 7],
			"to": [13.44931, 12.64632, 8],
			"rotation": {"angle": 0, "axis": "y", "origin": [12.19931, 8.64475, 7.5]},
			"faces": {
				"north": {"uv": [7.5, 12.5, 7.75, 12.75], "texture": "#0"},
				"east": {"uv": [7.25, 12.5, 7.5, 12.75], "texture": "#0"},
				"south": {"uv": [8, 12.5, 8.25, 12.75], "texture": "#0"},
				"west": {"uv": [7.75, 12.5, 8, 12.75], "texture": "#0"},
				"up": {"uv": [7.75, 12.5, 7.5, 12.25], "texture": "#0"},
				"down": {"uv": [8, 12.25, 7.75, 12.5], "texture": "#0"}
			}
		},
		{
			"from": [12, 1, 0],
			"to": [13, 3, 1],
			"rotation": {"angle": 0, "axis": "y", "origin": [12.5, 2, 0.5]},
			"faces": {
				"north": {"uv": [11, 13, 11.25, 13.5], "texture": "#0"},
				"east": {"uv": [10.75, 13, 11, 13.5], "texture": "#0"},
				"south": {"uv": [11.5, 13, 11.75, 13.5], "texture": "#0"},
				"west": {"uv": [11.25, 13, 11.5, 13.5], "texture": "#0"},
				"up": {"uv": [11.25, 13, 11, 12.75], "texture": "#0"},
				"down": {"uv": [11.5, 12.75, 11.25, 13], "texture": "#0"}
			}
		},
		{
			"from": [7, 1, 0],
			"to": [9, 2, 1],
			"rotation": {"angle": 0, "axis": "y", "origin": [8.5, 1.5, 0.5]},
			"faces": {
				"north": {"uv": [10.75, 14, 11.25, 14.25], "texture": "#0"},
				"east": {"uv": [10.5, 14, 10.75, 14.25], "texture": "#0"},
				"south": {"uv": [11.5, 14, 12, 14.25], "texture": "#0"},
				"west": {"uv": [11.25, 14, 11.5, 14.25], "texture": "#0"},
				"up": {"uv": [11.25, 14, 10.75, 13.75], "texture": "#0"},
				"down": {"uv": [11.75, 13.75, 11.25, 14], "texture": "#0"}
			}
		},
		{
			"from": [3, 1, 0],
			"to": [4, 3, 1],
			"rotation": {"angle": 0, "axis": "y", "origin": [3.5, 2, 0.5]},
			"faces": {
				"north": {"uv": [11, 13, 11.25, 13.5], "texture": "#0"},
				"east": {"uv": [10.75, 13, 11, 13.5], "texture": "#0"},
				"south": {"uv": [11.5, 13, 11.75, 13.5], "texture": "#0"},
				"west": {"uv": [11.25, 13, 11.5, 13.5], "texture": "#0"},
				"up": {"uv": [11.25, 13, 11, 12.75], "texture": "#0"},
				"down": {"uv": [11.5, 12.75, 11.25, 13], "texture": "#0"}
			}
		},
		{
			"from": [11, -1, 0.5],
			"to": [14, 0, 1.5],
			"rotation": {"angle": 0, "axis": "y", "origin": [6.5, -0.5, 9]},
			"faces": {
				"north": {"uv": [7.25, 13.75, 8, 14], "texture": "#0"},
				"east": {"uv": [7, 13.75, 7.25, 14], "texture": "#0"},
				"south": {"uv": [8.25, 13.75, 9, 14], "texture": "#0"},
				"west": {"uv": [8, 13.75, 8.25, 14], "texture": "#0"},
				"up": {"uv": [8, 13.75, 7.25, 13.5], "texture": "#0"},
				"down": {"uv": [8.75, 13.5, 8, 13.75], "texture": "#0"}
			}
		},
		{
			"from": [2, -1, 0.5],
			"to": [5, 0, 1.5],
			"rotation": {"angle": 0, "axis": "y", "origin": [-2.5, -0.5, 9]},
			"faces": {
				"north": {"uv": [7.25, 13.75, 8, 14], "texture": "#0"},
				"east": {"uv": [7, 13.75, 7.25, 14], "texture": "#0"},
				"south": {"uv": [8.25, 13.75, 9, 14], "texture": "#0"},
				"west": {"uv": [8, 13.75, 8.25, 14], "texture": "#0"},
				"up": {"uv": [8, 13.75, 7.25, 13.5], "texture": "#0"},
				"down": {"uv": [8.75, 13.5, 8, 13.75], "texture": "#0"}
			}
		},
		{
			"from": [9, -1.25, 0.5],
			"to": [11, 0, 1.5],
			"rotation": {"angle": 0, "axis": "y", "origin": [4.5, -0.5, 9]},
			"faces": {
				"north": {"uv": [7.5, 13.75, 8, 14], "texture": "#0"},
				"east": {"uv": [7.25, 13.75, 7.5, 14], "texture": "#0"},
				"south": {"uv": [8.25, 13.75, 8.75, 14], "texture": "#0"},
				"west": {"uv": [8, 13.75, 8.25, 14], "texture": "#0"},
				"up": {"uv": [8, 13.75, 7.5, 13.5], "texture": "#0"},
				"down": {"uv": [8.5, 13.5, 8, 13.75], "texture": "#0"}
			}
		},
		{
			"from": [7, -1.5, 0.5],
			"to": [9, 0, 1.5],
			"rotation": {"angle": 0, "axis": "y", "origin": [2.5, -0.5, 9]},
			"faces": {
				"north": {"uv": [7.5, 13.75, 8, 14], "texture": "#0"},
				"east": {"uv": [7.25, 13.75, 7.5, 14], "texture": "#0"},
				"south": {"uv": [8.25, 13.75, 8.75, 14], "texture": "#0"},
				"west": {"uv": [8, 13.75, 8.25, 14], "texture": "#0"},
				"up": {"uv": [8, 13.75, 7.5, 13.5], "texture": "#0"},
				"down": {"uv": [8.5, 13.5, 8, 13.75], "texture": "#0"}
			}
		},
		{
			"from": [5, -1.25, 0.5],
			"to": [7, 0, 1.5],
			"rotation": {"angle": 0, "axis": "y", "origin": [-0.5, -0.5, 9]},
			"faces": {
				"north": {"uv": [7.5, 13.75, 8, 14], "texture": "#0"},
				"east": {"uv": [7.25, 13.75, 7.5, 14], "texture": "#0"},
				"south": {"uv": [8.25, 13.75, 8.75, 14], "texture": "#0"},
				"west": {"uv": [8, 13.75, 8.25, 14], "texture": "#0"},
				"up": {"uv": [8, 13.75, 7.5, 13.5], "texture": "#0"},
				"down": {"uv": [8.5, 13.5, 8, 13.75], "texture": "#0"}
			}
		}
	],
	"groups": [
		{
			"name": "base",
			"origin": [0, 2, 0],
			"color": 0,
			"children": [0, 1, 2, 3]
		},
		{
			"name": "right_ear",
			"origin": [5, 2, 0],
			"color": 0,
			"children": [4, 5, 6, 7, 8]
		},
		{
			"name": "left_ear",
			"origin": [5, 2, 0],
			"color": 0,
			"children": [9, 10, 11, 12, 13]
		},
		{
			"name": "face",
			"origin": [0, 2, 0],
			"color": 0,
			"children": [14, 15, 16]
		},
		{
			"name": "tooth",
			"origin": [8, 8, 8],
			"color": 0,
			"children": [17, 18, 19, 20, 21]
		}
	],
	"display": {
		"firstperson_righthand": {
			"rotation": [0, 45, 0],
			"translation": [1.5, 4.25, 0],
			"scale": [0.3, 0.3, 0.3]
		},
        "thirdperson_righthand": {
            "rotation": [ 75, 45, 0 ],
            "translation": [ 0, 2.5, 0],
            "scale": [0.3, 0.3, 0.3]
        },
		"head": {
			"rotation": [0, 0, 0],
			"translation": [0.5, 15, 0],
			"scale": [1.1, 1.1, 1.1]
		},
		"ground": {
			"rotation": [90, -180, 0],
			"translation": [0, 5.75, 13.25],
			"scale": [0.8, 0.8, 0.8]
		},
        "gui": {
            "rotation": [30, 225, 0],
            "translation": [0, 0, 0],
            "scale":[0.625, 0.625, 0.625]
        },
		"fixed": {
			"rotation": [-90, 0, 0],
			"translation": [0, 0, -7]
		}
	}
}