{
	"format_version": "1.9.0",
	"credit": "Made with Blockbench, by pugiko",
	"texture_size": [128, 128],
	"textures": {
		"0": "tf2:item/ph_sammycap",
		"particle": "tf2:item/ph_sammycap"
	},
	"elements": [
		{
			"from": [15.5, 7.5, 6],
			"to": [16.5, 8.5, 11],
			"rotation": {"angle": 0, "axis": "y", "origin": [8, 8, 18]},
			"faces": {
				"north": {"uv": [0.625, 5.875, 0.75, 6], "texture": "#0"},
				"east": {"uv": [0, 5.875, 0.625, 6], "texture": "#0"},
				"south": {"uv": [1.375, 5.875, 1.5, 6], "texture": "#0"},
				"west": {"uv": [0.75, 5.875, 1.375, 6], "texture": "#0"},
				"up": {"uv": [0.75, 5.875, 0.625, 5.25], "texture": "#0"},
				"down": {"uv": [0.875, 5.25, 0.75, 5.875], "texture": "#0"}
			}
		},
		{
			"from": [15.5, 5.5, 6],
			"to": [16.5, 6.5, 11],
			"rotation": {"angle": 0, "axis": "y", "origin": [8, 6, 18]},
			"faces": {
				"north": {"uv": [0.625, 5.875, 0.75, 6], "texture": "#0"},
				"east": {"uv": [0, 5.875, 0.625, 6], "texture": "#0"},
				"south": {"uv": [1.375, 5.875, 1.5, 6], "texture": "#0"},
				"west": {"uv": [0.75, 5.875, 1.375, 6], "texture": "#0"},
				"up": {"uv": [0.75, 5.875, 0.625, 5.25], "texture": "#0"},
				"down": {"uv": [0.875, 5.25, 0.75, 5.875], "texture": "#0"}
			}
		},
		{
			"from": [15.5, 6.5, 10],
			"to": [16.5, 7.5, 11],
			"rotation": {"angle": 0, "axis": "y", "origin": [8, 7, 18]},
			"faces": {
				"north": {"uv": [0.625, 5.875, 0.75, 6], "texture": "#0"},
				"east": {"uv": [0.5, 5.875, 0.625, 6], "texture": "#0"},
				"south": {"uv": [0.875, 5.875, 1, 6], "texture": "#0"},
				"west": {"uv": [0.75, 5.875, 0.875, 6], "texture": "#0"},
				"up": {"uv": [0.75, 5.875, 0.625, 5.75], "texture": "#0"},
				"down": {"uv": [0.875, 5.75, 0.75, 5.875], "texture": "#0"}
			}
		},
		{
			"from": [15.5, 6.5, 6],
			"to": [16.5, 7.5, 7],
			"rotation": {"angle": 0, "axis": "y", "origin": [8, 7, 14]},
			"faces": {
				"north": {"uv": [0.625, 5.875, 0.75, 6], "texture": "#0"},
				"east": {"uv": [0.5, 5.875, 0.625, 6], "texture": "#0"},
				"south": {"uv": [0.875, 5.875, 1, 6], "texture": "#0"},
				"west": {"uv": [0.75, 5.875, 0.875, 6], "texture": "#0"},
				"up": {"uv": [0.75, 5.875, 0.625, 5.75], "texture": "#0"},
				"down": {"uv": [0.875, 5.75, 0.75, 5.875], "texture": "#0"}
			}
		},
		{
			"from": [15.5, 6.5, 4],
			"to": [16.5, 7.5, 5],
			"rotation": {"angle": 0, "axis": "y", "origin": [8, 8, 12]},
			"faces": {
				"north": {"uv": [0.625, 5.875, 0.75, 6], "texture": "#0"},
				"east": {"uv": [0.5, 5.875, 0.625, 6], "texture": "#0"},
				"south": {"uv": [0.875, 5.875, 1, 6], "texture": "#0"},
				"west": {"uv": [0.75, 5.875, 0.875, 6], "texture": "#0"},
				"up": {"uv": [0.75, 5.875, 0.625, 5.75], "texture": "#0"},
				"down": {"uv": [0.875, 5.75, 0.75, 5.875], "texture": "#0"}
			}
		},
		{
			"from": [15.5, 6.5, 2],
			"to": [16.5, 7.5, 3],
			"rotation": {"angle": 0, "axis": "y", "origin": [8, 8, 10]},
			"faces": {
				"north": {"uv": [0.625, 5.875, 0.75, 6], "texture": "#0"},
				"east": {"uv": [0.5, 5.875, 0.625, 6], "texture": "#0"},
				"south": {"uv": [0.875, 5.875, 1, 6], "texture": "#0"},
				"west": {"uv": [0.75, 5.875, 0.875, 6], "texture": "#0"},
				"up": {"uv": [0.75, 5.875, 0.625, 5.75], "texture": "#0"},
				"down": {"uv": [0.875, 5.75, 0.75, 5.875], "texture": "#0"}
			}
		},
		{
			"from": [15.5, 6.5, 12],
			"to": [16.5, 7.5, 13],
			"rotation": {"angle": 0, "axis": "y", "origin": [8, 8, 20]},
			"faces": {
				"north": {"uv": [0.625, 5.875, 0.75, 6], "texture": "#0"},
				"east": {"uv": [0.5, 5.875, 0.625, 6], "texture": "#0"},
				"south": {"uv": [0.875, 5.875, 1, 6], "texture": "#0"},
				"west": {"uv": [0.75, 5.875, 0.875, 6], "texture": "#0"},
				"up": {"uv": [0.75, 5.875, 0.625, 5.75], "texture": "#0"},
				"down": {"uv": [0.875, 5.75, 0.75, 5.875], "texture": "#0"}
			}
		},
		{
			"from": [0, 6, 0],
			"to": [16, 8, 1],
			"rotation": {"angle": 0, "axis": "y", "origin": [8, 7, 8]},
			"faces": {
				"north": {"uv": [0.125, 0.125, 2.125, 0.375], "texture": "#0"},
				"east": {"uv": [0, 0.125, 0.125, 0.375], "texture": "#0"},
				"south": {"uv": [2.25, 0.125, 4.25, 0.375], "texture": "#0"},
				"west": {"uv": [2.125, 0.125, 2.25, 0.375], "texture": "#0"},
				"up": {"uv": [2.125, 0.125, 0.125, 0], "texture": "#0"},
				"down": {"uv": [4.125, 0, 2.125, 0.125], "texture": "#0"}
			}
		},
		{
			"from": [0, 6, 15],
			"to": [16, 8, 16],
			"rotation": {"angle": 0, "axis": "y", "origin": [8, 7, 23]},
			"faces": {
				"north": {"uv": [4.375, 0.125, 6.375, 0.375], "texture": "#0"},
				"east": {"uv": [4.25, 0.125, 4.375, 0.375], "texture": "#0"},
				"south": {"uv": [6.5, 0.125, 8.5, 0.375], "texture": "#0"},
				"west": {"uv": [6.375, 0.125, 6.5, 0.375], "texture": "#0"},
				"up": {"uv": [6.375, 0.125, 4.375, 0], "texture": "#0"},
				"down": {"uv": [8.375, 0, 6.375, 0.125], "texture": "#0"}
			}
		},
		{
			"from": [15, 6, 1],
			"to": [16, 8, 15],
			"rotation": {"angle": 0, "axis": "y", "origin": [8, 7, 23]},
			"faces": {
				"north": {"uv": [1.75, 2.125, 1.875, 2.375], "texture": "#0"},
				"east": {"uv": [0, 2.125, 1.75, 2.375], "texture": "#0"},
				"south": {"uv": [3.625, 2.125, 3.75, 2.375], "texture": "#0"},
				"west": {"uv": [1.875, 2.125, 3.625, 2.375], "texture": "#0"},
				"up": {"uv": [1.875, 2.125, 1.75, 0.375], "texture": "#0"},
				"down": {"uv": [2, 0.375, 1.875, 2.125], "texture": "#0"}
			}
		},
		{
			"from": [15.75942, 6, 14.76837],
			"to": [16.75942, 8, 20.76837],
			"rotation": {"angle": 22.5, "axis": "y", "origin": [16.25942, 7, 17.76837]},
			"faces": {
				"north": {"uv": [1.75, 2.125, 1.875, 2.375], "texture": "#0"},
				"east": {"uv": [1, 2.125, 1.75, 2.375], "texture": "#0"},
				"south": {"uv": [2.625, 2.125, 2.75, 2.375], "texture": "#0"},
				"west": {"uv": [1.875, 2.125, 2.625, 2.375], "texture": "#0"},
				"up": {"uv": [1.875, 2.125, 1.75, 1.375], "texture": "#0"},
				"down": {"uv": [2, 1.375, 1.875, 2.125], "texture": "#0"}
			}
		},
		{
			"from": [0, 6, 1],
			"to": [1, 8, 15],
			"rotation": {"angle": 0, "axis": "y", "origin": [-7, 7, 23]},
			"faces": {
				"north": {"uv": [5.5, 2.125, 5.625, 2.375], "texture": "#0"},
				"east": {"uv": [3.75, 2.125, 5.5, 2.375], "texture": "#0"},
				"south": {"uv": [7.375, 2.125, 7.5, 2.375], "texture": "#0"},
				"west": {"uv": [5.625, 2.125, 7.375, 2.375], "texture": "#0"},
				"up": {"uv": [5.625, 2.125, 5.5, 0.375], "texture": "#0"},
				"down": {"uv": [5.75, 0.375, 5.625, 2.125], "texture": "#0"}
			}
		},
		{
			"from": [8, 0, -8],
			"to": [8, 16, 16],
			"rotation": {"angle": 0, "axis": "y", "origin": [8, 8, 23]},
			"faces": {
				"north": {"uv": [3, 2.375, 3, 4.375], "texture": "#0"},
				"east": {"uv": [0, 2.375, 3, 4.375], "texture": "#0"},
				"south": {"uv": [6, 2.375, 6, 4.375], "texture": "#0"},
				"west": {"uv": [3, 2.375, 6, 4.375], "texture": "#0"},
				"up": {"uv": [3, 2.375, 3, -0.625], "texture": "#0"},
				"down": {"uv": [3, -0.625, 3, 2.375], "texture": "#0"}
			}
		},
		{
			"from": [5, 2, -10],
			"to": [11, 3, -4],
			"rotation": {"angle": 0, "axis": "y", "origin": [7.25, 1.25, -7.25]},
			"faces": {
				"north": {"uv": [0.75, 5.125, 1.5, 5.25], "texture": "#0"},
				"east": {"uv": [0, 5.125, 0.75, 5.25], "texture": "#0"},
				"south": {"uv": [2.25, 5.125, 3, 5.25], "texture": "#0"},
				"west": {"uv": [1.5, 5.125, 2.25, 5.25], "texture": "#0"},
				"up": {"uv": [1.5, 5.125, 0.75, 4.375], "texture": "#0"},
				"down": {"uv": [2.25, 4.375, 1.5, 5.125], "texture": "#0"}
			}
		},
		{
			"from": [5.03915, 1, -10.20263],
			"to": [11.03915, 2, -4.20263],
			"rotation": {"angle": -22.5, "axis": "y", "origin": [7.25, 1.25, -7.25]},
			"faces": {
				"north": {"uv": [3.75, 5.125, 4.5, 5.25], "texture": "#0"},
				"east": {"uv": [3, 5.125, 3.75, 5.25], "texture": "#0"},
				"south": {"uv": [5.25, 5.125, 6, 5.25], "texture": "#0"},
				"west": {"uv": [4.5, 5.125, 5.25, 5.25], "texture": "#0"},
				"up": {"uv": [4.5, 5.125, 3.75, 4.375], "texture": "#0"},
				"down": {"uv": [5.25, 4.375, 4.5, 5.125], "texture": "#0"}
			}
		},
		{
			"from": [4.95711, 0, -10.60355],
			"to": [10.95711, 1, -4.60355],
			"rotation": {"angle": -45, "axis": "y", "origin": [7.25, 1.25, -7.25]},
			"faces": {
				"north": {"uv": [6.75, 5.125, 7.5, 5.25], "texture": "#0"},
				"east": {"uv": [6, 5.125, 6.75, 5.25], "texture": "#0"},
				"south": {"uv": [8.25, 5.125, 9, 5.25], "texture": "#0"},
				"west": {"uv": [7.5, 5.125, 8.25, 5.25], "texture": "#0"},
				"up": {"uv": [7.5, 5.125, 6.75, 4.375], "texture": "#0"},
				"down": {"uv": [8.25, 4.375, 7.5, 5.125], "texture": "#0"}
			}
		},
		{
			"from": [4.96095, -1, -9.90424],
			"to": [10.96095, 0, -3.90424],
			"rotation": {"angle": 0, "axis": "y", "origin": [7.25, 1.25, -7.25]},
			"faces": {
				"north": {"uv": [9.75, 5.125, 10.5, 5.25], "texture": "#0"},
				"east": {"uv": [9, 5.125, 9.75, 5.25], "texture": "#0"},
				"south": {"uv": [11.25, 5.125, 12, 5.25], "texture": "#0"},
				"west": {"uv": [10.5, 5.125, 11.25, 5.25], "texture": "#0"},
				"up": {"uv": [10.5, 5.125, 9.75, 4.375], "texture": "#0"},
				"down": {"uv": [11.25, 4.375, 10.5, 5.125], "texture": "#0"}
			}
		},
		{
			"from": [5, -2, -10],
			"to": [11, -1, -4],
			"rotation": {"angle": 0, "axis": "y", "origin": [7.25, 1.25, -7.25]},
			"faces": {
				"north": {"uv": [0.75, 5.125, 1.5, 5.25], "texture": "#0"},
				"east": {"uv": [0, 5.125, 0.75, 5.25], "texture": "#0"},
				"south": {"uv": [2.25, 5.125, 3, 5.25], "texture": "#0"},
				"west": {"uv": [1.5, 5.125, 2.25, 5.25], "texture": "#0"},
				"up": {"uv": [1.5, 5.125, 0.75, 4.375], "texture": "#0"},
				"down": {"uv": [2.25, 4.375, 1.5, 5.125], "texture": "#0"}
			}
		},
		{
			"from": [6.73731, 2.60041, -8],
			"to": [7.73731, 5.60041, -7],
			"rotation": {"angle": 22.5, "axis": "z", "origin": [7.25, 1.25, -7.25]},
			"faces": {
				"north": {"uv": [2.5, 4.625, 2.625, 5], "texture": "#0"},
				"east": {"uv": [2.375, 4.625, 2.5, 5], "texture": "#0"},
				"south": {"uv": [2.75, 4.625, 2.875, 5], "texture": "#0"},
				"west": {"uv": [2.625, 4.625, 2.75, 5], "texture": "#0"},
				"up": {"uv": [2.625, 4.625, 2.5, 4.5], "texture": "#0"},
				"down": {"uv": [2.75, 4.5, 2.625, 4.625], "texture": "#0"}
			}
		}
	],
	"groups": [
		{
			"name": "belt_addons",
			"origin": [-7, 0, 23],
			"color": 0,
			"children": [0, 1, 2, 3, 4, 5, 6]
		},
		{
			"name": "belt",
			"origin": [-7, 0, 23],
			"color": 2,
			"children": [7, 8, 9, 10, 11]
		},
		{
			"name": "line",
			"origin": [8, 8, 8],
			"color": 5,
			"children": [12]
		},
		{
			"name": "food",
			"origin": [8, 8, 8],
			"color": 6,
			"children": [13, 14, 15, 16, 17, 18]
		}
	],
	"display": {
		"firstperson_righthand": {
			"rotation": [0, 45, 0],
			"translation": [1.5, 4.25, 0],
			"scale": [0.3, 0.3, 0.3]
		},
        "thirdperson_righthand": {
            "rotation": [ 75, 45, 0 ],
            "translation": [ 0, 2.5, 0],
            "scale": [0.3, 0.3, 0.3]
        },
		"head": {
			"translation": [0, 5, 0],
			"scale": [0.9, 0.9, 0.9]
		},
		"ground": {
			"rotation": [-90, 0, -180],
			"translation": [0, 6, 6.75],
			"scale": [0.56, 0.25, 0.4]
		},
        "gui": {
            "rotation": [30, 225, 0],
            "translation": [0, 0, 0],
            "scale":[0.625, 0.625, 0.625]
        },
		"fixed": {
			"rotation": [-90, 0, 0],
			"translation": [0, 0, -7]
		}
	}
}