{
	"format_version": "1.9.0",
	"credit": "Made with Blockbench, by pugiko",
	"texture_size": [64, 64],
	"textures": {
		"0": "tf2:item/ph_gibus",
		"particle": "tf2:item/ph_gibus"
	},
	"elements": [
		{
			"name": "base",
			"from": [0, 0, 0],
			"to": [16, 2, 16],
			"faces": {
				"north": {"uv": [4, 11, 8, 11.5], "texture": "#0"},
				"east": {"uv": [0, 11, 4, 11.5], "texture": "#0"},
				"south": {"uv": [12, 11, 16, 11.5], "texture": "#0"},
				"west": {"uv": [8, 11, 12, 11.5], "texture": "#0"},
				"up": {"uv": [8, 11, 4, 7], "texture": "#0"},
				"down": {"uv": [12, 7, 8, 11], "texture": "#0"}
			}
		},
		{
			"name": "top",
			"from": [1, 2, 1],
			"to": [15, 16, 15],
			"rotation": {"angle": 0, "axis": "y", "origin": [0, 2, 0]},
			"faces": {
				"north": {"uv": [3.5, 3.5, 7, 7], "texture": "#0"},
				"east": {"uv": [0, 3.5, 3.5, 7], "texture": "#0"},
				"south": {"uv": [10.5, 3.5, 14, 7], "texture": "#0"},
				"west": {"uv": [7, 3.5, 10.5, 7], "texture": "#0"},
				"up": {"uv": [7, 3.5, 3.5, 0], "texture": "#0"},
				"down": {"uv": [10.5, 0, 7, 3.5], "texture": "#0"}
			}
		}
	],
	"display": {
		"firstperson_righthand": {
			"rotation": [0, 45, 0],
			"translation": [1.5, 4.25, 0],
			"scale": [0.3, 0.3, 0.3]
		},
        "thirdperson_righthand": {
            "rotation": [ 75, 45, 0 ],
            "translation": [ 0, 2.5, 0],
            "scale": [0.3, 0.3, 0.3]
        },
		"head": {
			"rotation": [0, 0, 0],
			"translation": [0, 12.75, 0],
			"scale": [1.1, 1.1, 1.1]
		},
		"ground": {
			"translation": [0.0, 0.5, 0.0],
			"rotation": [0.0, 0.0, 0.0],
			"scale": [0.3, 0.3, 0.3]
		},
        "gui": {
            "rotation": [30, 225, 0],
            "translation": [0, 0, 0],
            "scale":[0.625, 0.625, 0.625]
        },
		"fixed": {
			"rotation": [-90, 0, 0],
			"translation": [0, 0, -7]
		}
	}
}