{
	"format_version": "1.21.6",
	"credit": "Made with Blockbench, by pugiko",
	"texture_size": [64, 64],
	"textures": {
		"0": "basic:item/ph_strawhat",
		"particle": "basic:item/ph_strawhat"
	},
	"elements": [
		{
			"name": "base",
			"from": [-6, 0, -6],
			"to": [22, 0, 22],
			"rotation": {"angle": 0, "axis": "y", "origin": [6, 0, 8]},
			"faces": {
				"north": {"uv": [0, 12, 7, 12], "texture": "#0"},
				"east": {"uv": [-7, 12, 0, 12], "texture": "#0"},
				"south": {"uv": [14, 12, 21, 12], "texture": "#0"},
				"west": {"uv": [7, 12, 14, 12], "texture": "#0"},
				"up": {"uv": [7, 12, 0, 5], "texture": "#0"},
				"down": {"uv": [14, 5, 7, 12], "texture": "#0"}
			}
		},
		{
			"name": "top",
			"from": [0, 0.01, 0],
			"to": [16, 4.01, 16],
			"rotation": {"angle": 0, "axis": "y", "origin": [6, 0, 8]},
			"faces": {
				"north": {"uv": [4, 4, 8, 5], "texture": "#0"},
				"east": {"uv": [0, 4, 4, 5], "texture": "#0"},
				"south": {"uv": [12, 4, 16, 5], "texture": "#0"},
				"west": {"uv": [8, 4, 12, 5], "texture": "#0"},
				"up": {"uv": [8, 4, 4, 0], "texture": "#0"},
				"down": {"uv": [12, 0, 8, 4], "texture": "#0"}
			}
		}
	],
	"display": {
		"firstperson_righthand": {
			"rotation": [0, 45, 0],
			"translation": [1.5, 4.25, 0],
			"scale": [0.3, 0.3, 0.3]
		},
        "thirdperson_righthand": {
            "rotation": [ 75, 45, 0 ],
            "translation": [ 0, 2.5, 0],
            "scale": [0.3, 0.3, 0.3]
        },
		"head": {
			"rotation": [0, 0, 0],
			"translation": [0, 12, 0],
			"scale": [1, 1, 1]
		},
		"ground": {
			"translation": [-0.5, 5.75, 14.25],
			"rotation": [90, 180, 0],
			"scale": [1, 1, 1]
		},
        "gui": {
            "rotation": [30, 225, 0],
            "translation": [0, 0, 0],
            "scale":[0.625, 0.625, 0.625]
        },
		"fixed": {
			"rotation": [-90, 0, 0],
			"translation": [0, 0, -7]
		}
	}
}